-- phpMyAdmin SQL Dump
-- version 5.1.1
-- https://www.phpmyadmin.net/
--
-- Host: 127.0.0.1
-- Generation Time: Jul 09, 2021 at 03:31 PM
-- Server version: 10.4.19-MariaDB
-- PHP Version: 8.0.7

SET SQL_MODE = "NO_AUTO_VALUE_ON_ZERO";
START TRANSACTION;
SET time_zone = "+00:00";


/*!40101 SET @OLD_CHARACTER_SET_CLIENT=@@CHARACTER_SET_CLIENT */;
/*!40101 SET @OLD_CHARACTER_SET_RESULTS=@@CHARACTER_SET_RESULTS */;
/*!40101 SET @OLD_COLLATION_CONNECTION=@@COLLATION_CONNECTION */;
/*!40101 SET NAMES utf8mb4 */;

--
-- Database: `u949021360_Pendios`
--

-- --------------------------------------------------------

--
-- Table structure for table `actions`
--

CREATE TABLE `actions` (
  `id` int(100) NOT NULL,
  `button1` varchar(150) COLLATE utf8mb4_unicode_ci NOT NULL,
  `button2` varchar(150) COLLATE utf8mb4_unicode_ci NOT NULL,
  `button3` varchar(150) COLLATE utf8mb4_unicode_ci NOT NULL,
  `button4` varchar(150) COLLATE utf8mb4_unicode_ci NOT NULL,
  `button5` varchar(150) COLLATE utf8mb4_unicode_ci NOT NULL
) ENGINE=InnoDB DEFAULT CHARSET=utf8mb4 COLLATE=utf8mb4_unicode_ci;

--
-- Dumping data for table `actions`
--

INSERT INTO `actions` (`id`, `button1`, `button2`, `button3`, `button4`, `button5`) VALUES
(1, '0', '1', '1', '0', '1');

-- --------------------------------------------------------

--
-- Table structure for table `admin`
--

CREATE TABLE `admin` (
  `ad-id` int(11) NOT NULL,
  `ad-user` varchar(100) NOT NULL,
  `ad-pwd` varchar(100) NOT NULL
) ENGINE=InnoDB DEFAULT CHARSET=utf8mb4;

--
-- Dumping data for table `admin`
--

INSERT INTO `admin` (`ad-id`, `ad-user`, `ad-pwd`) VALUES
(1, 'admin', '827ccb0eea8a706c4c34a16891f84e7b'),
(2, 'user1', '81dc9bdb52d04dc20036dbd8313ed055');

-- --------------------------------------------------------

--
-- Table structure for table `configuration`
--

CREATE TABLE `configuration` (
  `user_id` int(11) NOT NULL,
  `device_id` varchar(50) COLLATE utf8mb4_unicode_ci NOT NULL,
  `mobile_number` varchar(20) COLLATE utf8mb4_unicode_ci NOT NULL,
  `auth_code` varchar(15) COLLATE utf8mb4_unicode_ci NOT NULL,
  `server_link` varchar(160) COLLATE utf8mb4_unicode_ci NOT NULL,
  `apn` varchar(50) COLLATE utf8mb4_unicode_ci NOT NULL,
  `username` varchar(50) COLLATE utf8mb4_unicode_ci NOT NULL,
  `password` varchar(50) COLLATE utf8mb4_unicode_ci NOT NULL,
  `location` varchar(100) COLLATE utf8mb4_unicode_ci NOT NULL,
  `address` varchar(160) COLLATE utf8mb4_unicode_ci NOT NULL
) ENGINE=InnoDB DEFAULT CHARSET=utf8mb4 COLLATE=utf8mb4_unicode_ci;

--
-- Dumping data for table `configuration`
--

INSERT INTO `configuration` (`user_id`, `device_id`, `mobile_number`, `auth_code`, `server_link`, `apn`, `username`, `password`, `location`, `address`) VALUES
(1, 'fht8008', '08553187988', '2021', 'http://google.com', 'google', 'admin', 'admin', 'india', 'hyderabad'),
(2, 'fht8008', '08553187988', '2021', 'http://google.com', 'Microsoft', 'admin', 'admin', 'india', 'hyderabad');

-- --------------------------------------------------------

--
-- Table structure for table `fault_logs`
--

CREATE TABLE `fault_logs` (
  `sl_no` int(11) NOT NULL,
  `user_id` varchar(100) NOT NULL,
  `fault_log` varchar(100) NOT NULL,
  `time` datetime NOT NULL
) ENGINE=InnoDB DEFAULT CHARSET=utf8mb4;

--
-- Dumping data for table `fault_logs`
--

INSERT INTO `fault_logs` (`sl_no`, `user_id`, `fault_log`, `time`) VALUES
(1, '1', 'error estimate', '2021-07-07 21:16:41'),
(2, '1', 'Parallax error interruption', '2021-07-07 21:20:01'),
(3, '2', 'Parallax error', '2021-07-07 21:24:55');

-- --------------------------------------------------------

--
-- Table structure for table `indicator`
--

CREATE TABLE `indicator` (
  `Sl_no` int(10) NOT NULL,
  `user_id` int(11) NOT NULL,
  `Short_circuit` int(10) NOT NULL,
  `Shutdown` int(10) NOT NULL,
  `Overload` int(10) NOT NULL,
  `Tampering` int(10) NOT NULL,
  `Health` int(10) NOT NULL
) ENGINE=InnoDB DEFAULT CHARSET=utf8mb4 COLLATE=utf8mb4_unicode_ci;

--
-- Dumping data for table `indicator`
--

INSERT INTO `indicator` (`Sl_no`, `user_id`, `Short_circuit`, `Shutdown`, `Overload`, `Tampering`, `Health`) VALUES
(1, 0, 1, 0, 0, 0, 0),
(2, 1, 1, 0, 0, 1, 0),
(3, 0, 0, 0, 0, 0, 0),
(4, 2, 0, 1, 0, 1, 0),
(5, 0, 0, 0, 1, 1, 1),
(6, 0, 1, 0, 0, 0, 0),
(7, 0, 1, 0, 0, 0, 0),
(8, 2, 0, 0, 1, 1, 0),
(9, 0, 0, 0, 1, 1, 0),
(10, 0, 1, 1, 0, 0, 0),
(11, 0, 1, 0, 1, 0, 1),
(12, 0, 0, 0, 0, 0, 0),
(13, 0, 0, 0, 0, 0, 0),
(14, 2, 0, 0, 0, 0, 0),
(15, 0, 1, 0, 0, 0, 0),
(16, 0, 1, 0, 0, 0, 1),
(17, 0, 1, 0, 0, 0, 1),
(18, 0, 0, 0, 1, 0, 1),
(19, 0, 1, 0, 0, 0, 1),
(20, 0, 0, 0, 1, 0, 1),
(21, 0, 1, 0, 0, 0, 1),
(22, 0, 0, 0, 0, 0, 0),
(23, 0, 1, 0, 0, 0, 1),
(24, 2, 1, 0, 0, 0, 1),
(25, 0, 0, 0, 1, 0, 1),
(26, 0, 1, 0, 0, 0, 1),
(27, 0, 0, 0, 1, 0, 1),
(28, 0, 1, 0, 0, 0, 1),
(29, 0, 0, 0, 0, 0, 0),
(30, 0, 1, 0, 0, 0, 1),
(31, 0, 0, 0, 0, 0, 0),
(32, 0, 0, 0, 1, 0, 1),
(33, 0, 0, 0, 0, 0, 0),
(34, 0, 0, 0, 1, 0, 1),
(35, 0, 0, 0, 1, 0, 1),
(36, 0, 0, 0, 0, 0, 0),
(37, 0, 0, 0, 0, 0, 0),
(38, 0, 0, 0, 0, 0, 0),
(39, 0, 0, 0, 0, 0, 0),
(40, 0, 0, 0, 0, 0, 0),
(41, 0, 0, 0, 0, 0, 0),
(42, 0, 0, 0, 0, 0, 0),
(43, 0, 1, 0, 0, 0, 1),
(44, 0, 0, 0, 0, 0, 0),
(45, 0, 0, 0, 0, 0, 0),
(46, 0, 0, 0, 1, 0, 1),
(47, 0, 0, 0, 1, 0, 1),
(48, 0, 0, 0, 0, 0, 0),
(49, 0, 1, 0, 0, 0, 1),
(50, 0, 1, 0, 0, 0, 1),
(51, 0, 0, 0, 1, 0, 1),
(52, 0, 0, 0, 0, 0, 0),
(53, 0, 0, 0, 0, 0, 0),
(54, 0, 0, 0, 1, 0, 1),
(55, 0, 0, 0, 1, 0, 1),
(56, 0, 0, 0, 0, 0, 0),
(57, 0, 1, 0, 0, 0, 1),
(58, 0, 1, 0, 0, 0, 1),
(59, 0, 1, 0, 0, 0, 1),
(60, 0, 1, 0, 0, 0, 1),
(61, 0, 1, 0, 0, 0, 1),
(62, 0, 1, 0, 0, 1, 1),
(63, 0, 0, 1, 1, 0, 1),
(64, 0, 0, 0, 0, 0, 1),
(65, 0, 0, 0, 0, 0, 0),
(66, 0, 1, 0, 0, 0, 0),
(67, 0, 1, 0, 0, 0, 1),
(68, 0, 0, 0, 0, 0, 1),
(69, 0, 0, 0, 0, 0, 0),
(70, 0, 1, 0, 0, 0, 0),
(71, 0, 1, 0, 0, 0, 0),
(72, 0, 1, 0, 0, 0, 1),
(73, 0, 0, 0, 0, 0, 0),
(74, 0, 0, 1, 0, 0, 0),
(75, 0, 0, 1, 0, 0, 0),
(76, 0, 0, 1, 0, 0, 0),
(77, 0, 0, 1, 0, 0, 0),
(78, 0, 0, 1, 0, 0, 1),
(79, 0, 0, 1, 0, 0, 0),
(80, 0, 0, 1, 0, 0, 1),
(81, 0, 0, 0, 0, 0, 1),
(82, 0, 0, 0, 0, 0, 1),
(83, 0, 0, 0, 0, 0, 1),
(84, 0, 0, 0, 0, 0, 1),
(85, 0, 0, 0, 0, 0, 1),
(86, 0, 0, 0, 0, 0, 1),
(87, 0, 0, 0, 0, 0, 0),
(88, 0, 0, 0, 0, 0, 0),
(89, 0, 1, 0, 0, 0, 0),
(90, 0, 1, 0, 0, 0, 0),
(91, 0, 1, 0, 0, 0, 0),
(92, 0, 1, 0, 0, 0, 0),
(93, 0, 0, 0, 0, 0, 0),
(94, 0, 0, 0, 0, 0, 0),
(95, 0, 0, 0, 0, 0, 0),
(96, 0, 0, 0, 0, 0, 0),
(97, 0, 0, 0, 0, 0, 0),
(98, 0, 0, 0, 0, 0, 0),
(99, 0, 0, 1, 0, 0, 0),
(100, 0, 0, 1, 0, 0, 0),
(101, 0, 0, 1, 0, 0, 0),
(102, 0, 0, 0, 0, 0, 0),
(103, 0, 0, 0, 0, 0, 0),
(104, 0, 0, 0, 0, 0, 0),
(105, 0, 1, 0, 0, 0, 0),
(106, 0, 1, 0, 0, 0, 0),
(107, 0, 1, 0, 0, 0, 0),
(108, 0, 1, 0, 0, 0, 0),
(109, 0, 1, 0, 0, 0, 0),
(110, 0, 0, 0, 0, 0, 0),
(111, 0, 0, 0, 0, 0, 0),
(112, 0, 1, 0, 0, 0, 0),
(113, 0, 0, 0, 0, 0, 0),
(114, 0, 0, 0, 0, 0, 0),
(115, 0, 1, 0, 0, 0, 0),
(116, 0, 1, 0, 0, 0, 0),
(117, 0, 0, 0, 0, 0, 0),
(118, 0, 0, 0, 0, 0, 0),
(119, 0, 1, 0, 0, 0, 0),
(120, 0, 1, 1, 1, 0, 0),
(121, 2, 1, 1, 1, 0, 0),
(122, 2, 1, 1, 1, 1, 1),
(123, 2, 1, 0, 1, 0, 1);

-- --------------------------------------------------------

--
-- Table structure for table `testmahesh`
--

CREATE TABLE `testmahesh` (
  `SNO` int(11) NOT NULL,
  `Temp` double NOT NULL,
  `Humdity` double NOT NULL,
  `Pressure` double NOT NULL
) ENGINE=InnoDB DEFAULT CHARSET=utf8mb4 COLLATE=utf8mb4_unicode_ci;

--
-- Dumping data for table `testmahesh`
--

INSERT INTO `testmahesh` (`SNO`, `Temp`, `Humdity`, `Pressure`) VALUES
(1, 34, 80, 12),
(2, 34.7, 80.3, 12.9);

-- --------------------------------------------------------

--
-- Table structure for table `usersp`
--

CREATE TABLE `usersp` (
  `id` int(10) NOT NULL,
  `username` varchar(50) NOT NULL,
  `device_id` varchar(50) NOT NULL,
  `mobilenumber` varchar(10) NOT NULL,
  `email` varchar(50) NOT NULL,
  `password` varchar(50) NOT NULL,
  `create_datetime` datetime NOT NULL
) ENGINE=InnoDB DEFAULT CHARSET=utf8mb4;

--
-- Dumping data for table `usersp`
--

INSERT INTO `usersp` (`id`, `username`, `device_id`, `mobilenumber`, `email`, `password`, `create_datetime`) VALUES
(1, 'arun', '3169', '9448734591', '19arunarya@gmail.com', '202cb962ac59075b964b07152d234b70', '2021-06-12 07:50:16'),
(2, 'arya', '123', '9901640281', 'arya@gmail.com', '2c14cffc180dbe245f6df977459ae75e', '2021-06-12 09:29:58'),
(5, 'Arfath', '6060', '7899996090', 'A@g.com', 'e10adc3949ba59abbe56e057f20f883e', '2021-06-19 08:55:12'),
(6, 'Rohn', '5006', '9876543210', 'R@gmail.com', '202cb962ac59075b964b07152d234b70', '2021-06-19 08:56:21'),
(17, 'arun', '123', '9901640281', 'arya@gmail.com', 'c7b6074ed789eba026f5a51b530e13fe', '2021-07-03 00:00:00'),
(18, 'arya', '3169', '9222222222', '19arunarya@gmail.com', 'c1adbf63944ba71da9cdbcc423b606ea', '2021-07-10 00:00:00'),
(19, 'jhon', '3169', '9901640281', 'arya@gmail.com', 'c1adbf63944ba71da9cdbcc423b606ea', '2021-07-10 00:00:00');

-- --------------------------------------------------------

--
-- Table structure for table `voltmeter`
--

CREATE TABLE `voltmeter` (
  `Sl_no` int(11) NOT NULL,
  `time_stamp` varchar(100) COLLATE utf8mb4_unicode_ci NOT NULL,
  `ac_v` int(20) NOT NULL,
  `ac_c` int(20) NOT NULL,
  `ac_p` int(20) NOT NULL,
  `dc_v` int(20) NOT NULL,
  `dc_c` int(20) NOT NULL,
  `dc_p` int(20) NOT NULL,
  `c_t` timestamp NOT NULL DEFAULT current_timestamp()
) ENGINE=InnoDB DEFAULT CHARSET=utf8mb4 COLLATE=utf8mb4_unicode_ci;

--
-- Dumping data for table `voltmeter`
--

INSERT INTO `voltmeter` (`Sl_no`, `time_stamp`, `ac_v`, `ac_c`, `ac_p`, `dc_v`, `dc_c`, `dc_p`, `c_t`) VALUES
(1, '02-04-2021_17:09', 240, 10, 2400, 24, 10, 240, '2021-04-10 05:59:51'),
(2, '03-04-2021_18:38', 239, 9, 2151, 23, 8, 184, '2021-04-10 05:59:51'),
(3, '03-04-2021_18:38', 239, 9, 2151, 23, 8, 184, '2021-04-10 05:59:51'),
(4, '03-04-2021_18:43', 240, 10, 2400, 23, 10, 230, '2021-04-10 05:59:51'),
(5, '03-04-2021_18:43', 240, 10, 2400, 23, 10, 230, '2021-04-10 05:59:51'),
(6, '03-04-2021_19:07', 238, 10, 2380, 8, 10, 80, '2021-04-10 05:59:51'),
(7, '03-04-2021_19:17', 230, 10, 2300, 9, 10, 90, '2021-04-10 05:59:51'),
(8, '03-04-2021_19:25', 240, 10, 2400, 8, 10, 80, '2021-04-10 05:59:51'),
(9, '03-04-2021_19:26', 241, 10, 2410, 8, 10, 80, '2021-04-10 05:59:51'),
(10, '03-04-2021_19:26', 241, 10, 2410, 8, 10, 80, '2021-04-10 05:59:51'),
(11, '03-04-2021_19:26', 241, 10, 2410, 8, 10, 80, '2021-04-10 05:59:51'),
(12, '03-04-2021_12:40', 241, 10, 2410, 8, 10, 80, '2021-04-10 05:59:51'),
(13, '03-04-2021_12:42', 238, 10, 2380, 8, 10, 80, '2021-04-10 05:59:51'),
(14, '03-04-2021_12:42', 238, 10, 2380, 8, 10, 80, '2021-04-10 05:59:51'),
(15, '03-04-2021_19:07', 238, 10, 2380, 8, 10, 80, '2021-04-10 05:59:51'),
(16, '07-04-2021_12:42', 238, 10, 2380, 8, 10, 80, '2021-04-10 05:59:51'),
(17, '07-04-2021_12:42', 242, 12, 2380, 8, 10, 80, '2021-04-10 05:59:51'),
(18, '07-04-2021_18:14', 230, 10, 0, 24, 5, 90, '2021-04-10 05:59:51'),
(19, '07-04-2021_18:42', 230, 10, 2300, 24, 10, 240, '2021-04-10 05:59:51'),
(20, '07-04-2021_18:42', 230, 10, 2300, 24, 10, 240, '2021-04-10 05:59:51'),
(21, '07-04-2021_18:42', 230, 10, 2300, 24, 10, 240, '2021-04-10 05:59:51'),
(22, '08-04-2021_18:42', 230, 10, 2300, 24, 10, 240, '2021-04-10 05:59:51'),
(23, '07-04-2021_12:42', 242, 12, 2380, 8, 10, 80, '2021-04-10 05:59:51'),
(24, '10-04-2021_18:42', 230, 10, 2300, 24, 10, 240, '2021-04-10 05:59:51'),
(25, '10-04-2021_12:42', 242, 12, 2380, 8, 10, 80, '2021-04-10 06:00:10'),
(26, '10-04-2021_18:42', 220, 10, 2300, 24, 10, 240, '2021-04-10 06:41:52'),
(27, '10-04-2021_18:42', 220, 10, 2300, 24, 10, 240, '2021-04-10 06:45:00'),
(28, '10-04-2021_18:42', 220, 10, 2300, 24, 10, 240, '2021-04-12 09:45:58'),
(29, '03-04-2021_19:17', 230, 10, 2300, 9, 10, 90, '2021-04-12 11:30:19'),
(30, '10-04-2021_18:42', 220, 10, 2300, 24, 10, 240, '2021-04-12 12:43:10'),
(31, '10-04-2021_18:42', 220, 10, 2300, 24, 10, 240, '2021-04-12 12:43:33'),
(32, '10-04-2021_18:42', 220, 10, 2300, 24, 10, 240, '2021-04-12 12:44:58'),
(33, '10-04-2021_18:42', 220, 10, 2300, 24, 10, 240, '2021-04-12 12:47:17'),
(34, '10-04-2021_18:42', 220, 10, 2300, 24, 10, 240, '2021-04-12 12:48:16'),
(35, '10-04-2021_18:42', 220, 10, 2300, 24, 10, 240, '2021-04-12 12:49:07'),
(36, '10-04-2021_18:42', 220, 10, 2300, 24, 10, 240, '2021-04-13 12:46:42'),
(37, '10-04-2021_18:42', 220, 10, 2300, 24, 10, 240, '2021-04-13 12:53:17'),
(38, '10-04-2021_18:42', 220, 10, 2300, 24, 10, 240, '2021-04-13 12:56:33'),
(39, '10-04-2021_18:42', 220, 10, 2300, 24, 10, 240, '2021-04-13 12:56:59'),
(40, '10-04-2021_18:42', 220, 10, 2300, 24, 10, 240, '2021-04-13 12:59:18'),
(41, '10-04-2021_12:42', 242, 12, 2380, 8, 10, 80, '2021-04-14 06:55:58'),
(42, '10-04-2021_18:42', 220, 10, 2300, 24, 10, 240, '2021-04-20 09:58:09'),
(43, '07-04-2021_12:42', 241, 12, 2380, 8, 10, 80, '2021-04-20 10:29:22'),
(44, '10-04-2021_18:42', 220, 10, 2300, 24, 10, 240, '2021-04-20 10:41:47'),
(45, '10-04-2021_18:42', 220, 10, 2300, 24, 10, 240, '2021-04-20 10:43:40'),
(46, '10-04-2021_18:42', 220, 10, 2300, 24, 10, 240, '2021-04-20 10:46:49'),
(47, '10-04-2021_18:42', 220, 10, 2300, 24, 10, 240, '2021-04-20 11:09:19'),
(48, '10-04-2021_18:42', 220, 10, 2300, 24, 10, 240, '2021-04-20 11:13:04'),
(49, '10-04-2021_18:42', 220, 10, 2300, 24, 10, 240, '2021-04-20 11:15:01'),
(50, '10-04-2021_18:42', 220, 10, 2300, 24, 10, 240, '2021-04-20 11:27:31'),
(51, '10-04-2021_18:42', 220, 10, 2300, 24, 10, 240, '2021-04-20 11:33:36'),
(52, '10-04-2021_18:42', 220, 10, 2300, 24, 10, 240, '2021-04-20 11:40:05'),
(53, '10-04-2021_18:42', 220, 10, 2300, 24, 10, 240, '2021-04-20 12:34:32'),
(54, '10-04-2021_18:42', 220, 10, 2300, 24, 10, 240, '2021-04-20 12:43:15'),
(55, '10-04-2021_18:42', 220, 10, 2300, 24, 10, 240, '2021-04-20 12:47:16'),
(56, '07-04-2021_12:42', 241, 12, 2380, 8, 10, 80, '2021-04-22 12:36:14'),
(57, '03-04-2021_19:07', 238, 10, 2380, 8, 10, 80, '2021-04-28 06:29:59'),
(58, '28-04-2021_12:01', 220, 10, 2200, 9, 10, 90, '2021-04-28 06:32:27'),
(59, '03-04-2021_19:07', 238, 10, 2380, 8, 10, 80, '2021-04-28 08:46:09'),
(60, '03-04-2021_19:07', 238, 10, 2380, 8, 10, 80, '2021-04-28 09:01:23'),
(61, '10-04-2021_18:42', 220, 10, 2300, 24, 10, 240, '2021-04-29 10:27:46'),
(62, '', 0, 0, 0, 0, 0, 0, '2021-04-29 10:32:59'),
(63, '10-04-2021_18:42', 220, 10, 2300, 24, 10, 240, '2021-04-29 10:46:03'),
(64, '10-04-2021_18:42', 220, 10, 2300, 24, 10, 240, '2021-04-29 10:47:49'),
(65, '', 0, 0, 0, 0, 0, 0, '2021-04-29 10:51:54'),
(66, '10-04-2021_18:42', 220, 10, 2300, 24, 10, 240, '2021-04-29 11:09:07'),
(67, '10-04-2021_18:42', 220, 10, 2300, 24, 10, 240, '2021-04-29 11:11:06'),
(68, '10-04-2021_18:42', 220, 10, 2300, 24, 10, 240, '2021-04-29 11:17:46'),
(69, '10-04-2021_18:42', 220, 10, 2300, 24, 10, 240, '2021-04-29 11:19:06'),
(70, '10-04-2021_18:42', 220, 10, 2300, 24, 10, 240, '2021-04-29 11:22:49'),
(71, '10-04-2021_18:42', 220, 10, 2300, 24, 10, 240, '2021-04-29 11:24:21'),
(72, '10-04-2021_18:42', 220, 10, 2300, 24, 10, 240, '2021-04-29 11:33:24'),
(73, '10-04-2021_18:42', 220, 10, 2300, 24, 10, 240, '2021-04-29 11:37:17'),
(74, '10-04-2021_18:42', 220, 10, 2300, 24, 10, 240, '2021-04-29 11:37:25'),
(75, '10-04-2021_18:42', 220, 10, 2300, 24, 10, 240, '2021-04-29 11:38:13'),
(76, '10-04-2021_18:42', 220, 10, 2300, 24, 10, 240, '2021-04-29 11:40:43'),
(77, '10-04-2021_18:42', 220, 10, 2300, 24, 10, 240, '2021-04-29 11:41:59'),
(78, '10-04-2021_18:42', 220, 10, 2300, 24, 10, 240, '2021-04-29 11:43:03'),
(79, '10-04-2021_18:42', 220, 10, 2300, 24, 10, 240, '2021-04-29 11:44:08'),
(80, '10-04-2021_18:42', 220, 10, 2300, 24, 10, 240, '2021-04-29 11:46:54'),
(81, '10-04-2021_18:42', 220, 10, 2300, 24, 10, 240, '2021-04-29 11:47:46'),
(82, '10-04-2021_18:42', 220, 10, 2300, 24, 10, 240, '2021-04-29 11:52:04'),
(83, '10-04-2021_18:42', 220, 10, 2300, 24, 10, 240, '2021-04-29 11:52:41'),
(84, '10-04-2021_18:42', 220, 10, 2300, 24, 10, 240, '2021-04-29 12:03:23'),
(85, '03-04-2021_19:07', 238, 10, 2380, 8, 10, 80, '2021-04-29 12:04:50'),
(86, '10-04-2021_18:42', 220, 10, 2300, 24, 10, 240, '2021-04-29 12:13:12'),
(87, '10-04-2021_18:42', 220, 10, 2300, 24, 10, 90, '2021-04-29 12:14:45'),
(88, '29-04-2021_18:00', 220, 10, 2300, 24, 10, 90, '2021-04-29 12:35:03'),
(89, '29-04-2021_18:00', 220, 10, 3000, 24, 10, 90, '2021-04-29 12:38:50'),
(90, '29-04-2021_18:00', 220, 10, 3000, 24, 10, 90, '2021-04-29 12:42:32'),
(91, '29-04-2021_18:00', 220, 10, 3000, 24, 10, 90, '2021-04-29 12:45:37'),
(92, '29-04-2021_18:00', 220, 10, 3000, 24, 10, 90, '2021-04-29 14:54:45'),
(93, '29-04-2021_18:00', 220, 10, 3000, 24, 10, 90, '2021-04-29 14:56:00'),
(94, '29-04-2021_20:00', 240, 10, 2400, 22, 10, 100, '2021-04-29 15:05:37'),
(95, '29-04-2021_20:00', 240, 10, 2400, 22, 10, 100, '2021-04-29 15:07:25'),
(96, '29-04-2021_20:00', 240, 10, 2400, 22, 10, 100, '2021-05-04 07:55:21'),
(97, '29-04-2021_20:00', 240, 10, 2400, 22, 10, 100, '2021-05-04 08:02:49'),
(98, '29-04-2021_20:00', 240, 10, 2400, 22, 10, 100, '2021-05-04 08:13:42'),
(99, '29-04-2021_20:00', 240, 10, 2400, 22, 10, 100, '2021-05-04 08:18:11'),
(100, '29-04-2021_20:00', 240, 10, 2400, 22, 10, 100, '2021-05-04 08:24:20'),
(101, '29-04-2021_20:00', 240, 10, 2400, 22, 10, 100, '2021-05-04 08:24:56'),
(102, '29-04-2021_20:00', 240, 10, 2400, 22, 10, 100, '2021-05-04 08:25:55'),
(103, '29-04-2021_20:00', 240, 10, 2400, 22, 10, 100, '2021-05-04 08:32:45'),
(104, '29-04-2021_20:00', 240, 10, 2400, 22, 10, 100, '2021-05-04 08:34:26'),
(105, '29-04-2021_20:00', 240, 10, 2400, 22, 10, 100, '2021-05-04 08:35:50'),
(106, '29-04-2021_20:00', 240, 10, 2400, 22, 10, 100, '2021-05-04 08:37:45'),
(107, '29-04-2021_20:00', 240, 10, 2400, 22, 10, 100, '2021-05-04 08:42:59'),
(108, '29-04-2021_20:00', 240, 10, 2400, 22, 10, 100, '2021-05-04 08:44:41'),
(109, '29-04-2021_20:00', 240, 10, 2400, 22, 10, 100, '2021-05-04 08:54:02'),
(110, '29-04-2021_20:00', 240, 10, 2400, 22, 10, 100, '2021-05-04 08:56:59'),
(111, '29-04-2021_20:00', 240, 10, 2400, 22, 10, 100, '2021-05-04 09:04:59'),
(112, '29-04-2021_20:00', 240, 10, 2400, 22, 10, 100, '2021-05-04 09:05:54'),
(113, '29-04-2021_20:00', 240, 10, 2400, 22, 10, 100, '2021-05-04 11:55:09'),
(114, '29-04-2021_20:00', 240, 10, 2400, 22, 10, 100, '2021-05-04 12:09:07'),
(115, '18:02', 240, 5, 1200, 30, 3, 100, '2021-05-04 12:11:41'),
(116, '15-05-2021_20:00', 200, 10, 2400, 22, 10, 101, '2021-05-15 09:50:58'),
(117, '17-0-2021_20:00', 230, 10, 2000, 22, 10, 200, '2021-05-15 10:07:47'),
(118, '29-04-2021_20:00', 240, 10, 2400, 22, 10, 100, '2021-05-15 12:02:48');

-- --------------------------------------------------------

--
-- Table structure for table `voltmeterp`
--

CREATE TABLE `voltmeterp` (
  `Sl_no` int(11) NOT NULL,
  `user_id` int(11) NOT NULL,
  `time_stamp` varchar(100) COLLATE utf8mb4_unicode_ci NOT NULL,
  `ac_v` int(20) NOT NULL,
  `ac_c` int(20) NOT NULL,
  `ac_p` int(20) NOT NULL,
  `dc_v` int(20) NOT NULL,
  `dc_c` int(20) NOT NULL,
  `dc_p` int(20) NOT NULL,
  `c_t` timestamp NOT NULL DEFAULT current_timestamp()
) ENGINE=InnoDB DEFAULT CHARSET=utf8mb4 COLLATE=utf8mb4_unicode_ci;

--
-- Dumping data for table `voltmeterp`
--

INSERT INTO `voltmeterp` (`Sl_no`, `user_id`, `time_stamp`, `ac_v`, `ac_c`, `ac_p`, `dc_v`, `dc_c`, `dc_p`, `c_t`) VALUES
(1, 1, '02-04-2021_17:09', 240, 10, 2400, 24, 10, 240, '2021-04-10 05:59:51'),
(2, 1, '03-04-2021_18:38', 239, 9, 2151, 23, 8, 184, '2021-04-10 05:59:51'),
(3, 2, '03-04-2021_18:38', 239, 9, 2151, 23, 8, 184, '2021-04-10 05:59:51'),
(4, 1, '03-04-2021_18:43', 240, 10, 2400, 23, 10, 230, '2021-04-10 05:59:51'),
(5, 1, '03-04-2021_18:43', 240, 10, 2400, 23, 10, 230, '2021-04-10 05:59:51'),
(6, 0, '03-04-2021_19:07', 238, 10, 2380, 8, 10, 80, '2021-04-10 05:59:51'),
(7, 1, '03-04-2021_19:17', 230, 10, 2300, 9, 10, 90, '2021-04-10 05:59:51'),
(8, 1, '03-04-2021_19:25', 240, 10, 2400, 8, 10, 80, '2021-04-10 05:59:51'),
(9, 2, '03-04-2021_19:26', 241, 10, 2410, 8, 10, 80, '2021-04-10 05:59:51'),
(10, 1, '03-04-2021_19:26', 241, 10, 2410, 8, 10, 80, '2021-04-10 05:59:51'),
(11, 1, '03-04-2021_19:26', 241, 10, 2410, 8, 10, 80, '2021-04-10 05:59:51'),
(12, 2, '03-04-2021_12:40', 241, 10, 2410, 8, 10, 80, '2021-04-10 05:59:51'),
(13, 2, '03-04-2021_12:42', 238, 10, 2380, 8, 10, 80, '2021-04-10 05:59:51'),
(14, 2, '03-04-2021_12:42', 238, 10, 2380, 8, 10, 80, '2021-04-10 05:59:51'),
(15, 2, '03-04-2021_19:07', 238, 10, 2380, 8, 10, 80, '2021-04-10 05:59:51'),
(16, 1, '07-04-2021_12:42', 238, 10, 2380, 8, 10, 80, '2021-04-10 05:59:51'),
(17, 1, '07-04-2021_12:42', 242, 12, 2380, 8, 10, 80, '2021-04-10 05:59:51'),
(18, 1, '07-04-2021_18:14', 230, 10, 0, 24, 5, 90, '2021-04-10 05:59:51'),
(19, 0, '07-04-2021_18:42', 230, 10, 2300, 24, 10, 240, '2021-04-10 05:59:51'),
(20, 0, '07-04-2021_18:42', 230, 10, 2300, 24, 10, 240, '2021-04-10 05:59:51'),
(21, 0, '07-04-2021_18:42', 230, 10, 2300, 24, 10, 240, '2021-04-10 05:59:51'),
(22, 0, '08-04-2021_18:42', 230, 10, 2300, 24, 10, 240, '2021-04-10 05:59:51'),
(23, 0, '07-04-2021_12:42', 242, 12, 2380, 8, 10, 80, '2021-04-10 05:59:51'),
(24, 0, '10-04-2021_18:42', 230, 10, 2300, 24, 10, 240, '2021-04-10 05:59:51'),
(25, 0, '10-04-2021_12:42', 242, 12, 2380, 8, 10, 80, '2021-04-10 06:00:10'),
(26, 0, '10-04-2021_18:42', 220, 10, 2300, 24, 10, 240, '2021-04-10 06:41:52'),
(27, 0, '10-04-2021_18:42', 220, 10, 2300, 24, 10, 240, '2021-04-10 06:45:00'),
(28, 0, '10-04-2021_18:42', 220, 10, 2300, 24, 10, 240, '2021-04-12 09:45:58'),
(29, 0, '03-04-2021_19:17', 230, 10, 2300, 9, 10, 90, '2021-04-12 11:30:19'),
(30, 0, '10-04-2021_18:42', 220, 10, 2300, 24, 10, 240, '2021-04-12 12:43:10'),
(31, 0, '10-04-2021_18:42', 220, 10, 2300, 24, 10, 240, '2021-04-12 12:43:33'),
(32, 0, '10-04-2021_18:42', 220, 10, 2300, 24, 10, 240, '2021-04-12 12:44:58'),
(33, 0, '10-04-2021_18:42', 220, 10, 2300, 24, 10, 240, '2021-04-12 12:47:17'),
(34, 0, '10-04-2021_18:42', 220, 10, 2300, 24, 10, 240, '2021-04-12 12:48:16'),
(35, 0, '10-04-2021_18:42', 220, 10, 2300, 24, 10, 240, '2021-04-12 12:49:07'),
(36, 0, '10-04-2021_18:42', 220, 10, 2300, 24, 10, 240, '2021-04-13 12:46:42'),
(37, 0, '10-04-2021_18:42', 220, 10, 2300, 24, 10, 240, '2021-04-13 12:53:17'),
(38, 0, '10-04-2021_18:42', 220, 10, 2300, 24, 10, 240, '2021-04-13 12:56:33'),
(39, 0, '10-04-2021_18:42', 220, 10, 2300, 24, 10, 240, '2021-04-13 12:56:59'),
(40, 0, '10-04-2021_18:42', 220, 10, 2300, 24, 10, 240, '2021-04-13 12:59:18'),
(41, 0, '10-04-2021_12:42', 242, 12, 2380, 8, 10, 80, '2021-04-14 06:55:58'),
(42, 0, '10-04-2021_18:42', 220, 10, 2300, 24, 10, 240, '2021-04-20 09:58:09'),
(43, 0, '07-04-2021_12:42', 241, 12, 2380, 8, 10, 80, '2021-04-20 10:29:22'),
(44, 0, '10-04-2021_18:42', 220, 10, 2300, 24, 10, 240, '2021-04-20 10:41:47'),
(45, 0, '10-04-2021_18:42', 220, 10, 2300, 24, 10, 240, '2021-04-20 10:43:40'),
(46, 0, '10-04-2021_18:42', 220, 10, 2300, 24, 10, 240, '2021-04-20 10:46:49'),
(47, 0, '10-04-2021_18:42', 220, 10, 2300, 24, 10, 240, '2021-04-20 11:09:19'),
(48, 0, '10-04-2021_18:42', 220, 10, 2300, 24, 10, 240, '2021-04-20 11:13:04'),
(49, 0, '10-04-2021_18:42', 220, 10, 2300, 24, 10, 240, '2021-04-20 11:15:01'),
(50, 0, '10-04-2021_18:42', 220, 10, 2300, 24, 10, 240, '2021-04-20 11:27:31'),
(51, 0, '10-04-2021_18:42', 220, 10, 2300, 24, 10, 240, '2021-04-20 11:33:36'),
(52, 0, '10-04-2021_18:42', 220, 10, 2300, 24, 10, 240, '2021-04-20 11:40:05'),
(53, 0, '10-04-2021_18:42', 220, 10, 2300, 24, 10, 240, '2021-04-20 12:34:32'),
(54, 0, '10-04-2021_18:42', 220, 10, 2300, 24, 10, 240, '2021-04-20 12:43:15'),
(55, 0, '10-04-2021_18:42', 220, 10, 2300, 24, 10, 240, '2021-04-20 12:47:16'),
(56, 0, '07-04-2021_12:42', 241, 12, 2380, 8, 10, 80, '2021-04-22 12:36:14'),
(57, 0, '03-04-2021_19:07', 238, 10, 2380, 8, 10, 80, '2021-04-28 06:29:59'),
(58, 0, '28-04-2021_12:01', 220, 10, 2200, 9, 10, 90, '2021-04-28 06:32:27'),
(59, 0, '03-04-2021_19:07', 238, 10, 2380, 8, 10, 80, '2021-04-28 08:46:09'),
(60, 0, '03-04-2021_19:07', 238, 10, 2380, 8, 10, 80, '2021-04-28 09:01:23'),
(61, 0, '10-04-2021_18:42', 220, 10, 2300, 24, 10, 240, '2021-04-29 10:27:46'),
(62, 0, '', 0, 0, 0, 0, 0, 0, '2021-04-29 10:32:59'),
(63, 0, '10-04-2021_18:42', 220, 10, 2300, 24, 10, 240, '2021-04-29 10:46:03'),
(64, 0, '10-04-2021_18:42', 220, 10, 2300, 24, 10, 240, '2021-04-29 10:47:49'),
(65, 0, '', 0, 0, 0, 0, 0, 0, '2021-04-29 10:51:54'),
(66, 0, '10-04-2021_18:42', 220, 10, 2300, 24, 10, 240, '2021-04-29 11:09:07'),
(67, 0, '10-04-2021_18:42', 220, 10, 2300, 24, 10, 240, '2021-04-29 11:11:06'),
(68, 0, '10-04-2021_18:42', 220, 10, 2300, 24, 10, 240, '2021-04-29 11:17:46'),
(69, 0, '10-04-2021_18:42', 220, 10, 2300, 24, 10, 240, '2021-04-29 11:19:06'),
(70, 0, '10-04-2021_18:42', 220, 10, 2300, 24, 10, 240, '2021-04-29 11:22:49'),
(71, 0, '10-04-2021_18:42', 220, 10, 2300, 24, 10, 240, '2021-04-29 11:24:21'),
(72, 0, '10-04-2021_18:42', 220, 10, 2300, 24, 10, 240, '2021-04-29 11:33:24'),
(73, 0, '10-04-2021_18:42', 220, 10, 2300, 24, 10, 240, '2021-04-29 11:37:17'),
(74, 0, '10-04-2021_18:42', 220, 10, 2300, 24, 10, 240, '2021-04-29 11:37:25'),
(75, 0, '10-04-2021_18:42', 220, 10, 2300, 24, 10, 240, '2021-04-29 11:38:13'),
(76, 0, '10-04-2021_18:42', 220, 10, 2300, 24, 10, 240, '2021-04-29 11:40:43'),
(77, 0, '10-04-2021_18:42', 220, 10, 2300, 24, 10, 240, '2021-04-29 11:41:59'),
(78, 0, '10-04-2021_18:42', 220, 10, 2300, 24, 10, 240, '2021-04-29 11:43:03'),
(79, 0, '10-04-2021_18:42', 220, 10, 2300, 24, 10, 240, '2021-04-29 11:44:08'),
(80, 0, '10-04-2021_18:42', 220, 10, 2300, 24, 10, 240, '2021-04-29 11:46:54'),
(81, 0, '10-04-2021_18:42', 220, 10, 2300, 24, 10, 240, '2021-04-29 11:47:46'),
(82, 0, '10-04-2021_18:42', 220, 10, 2300, 24, 10, 240, '2021-04-29 11:52:04'),
(83, 0, '10-04-2021_18:42', 220, 10, 2300, 24, 10, 240, '2021-04-29 11:52:41'),
(84, 0, '10-04-2021_18:42', 220, 10, 2300, 24, 10, 240, '2021-04-29 12:03:23'),
(85, 0, '03-04-2021_19:07', 238, 10, 2380, 8, 10, 80, '2021-04-29 12:04:50'),
(86, 0, '10-04-2021_18:42', 220, 10, 2300, 24, 10, 240, '2021-04-29 12:13:12'),
(87, 0, '10-04-2021_18:42', 220, 10, 2300, 24, 10, 90, '2021-04-29 12:14:45'),
(88, 0, '29-04-2021_18:00', 220, 10, 2300, 24, 10, 90, '2021-04-29 12:35:03'),
(89, 0, '29-04-2021_18:00', 220, 10, 3000, 24, 10, 90, '2021-04-29 12:38:50'),
(90, 0, '29-04-2021_18:00', 220, 10, 3000, 24, 10, 90, '2021-04-29 12:42:32'),
(91, 0, '29-04-2021_18:00', 220, 10, 3000, 24, 10, 90, '2021-04-29 12:45:37'),
(92, 0, '29-04-2021_18:00', 220, 10, 3000, 24, 10, 90, '2021-04-29 14:54:45'),
(93, 0, '29-04-2021_18:00', 220, 10, 3000, 24, 10, 90, '2021-04-29 14:56:00'),
(94, 0, '29-04-2021_20:00', 240, 10, 2400, 22, 10, 100, '2021-04-29 15:05:37'),
(95, 0, '29-04-2021_20:00', 240, 10, 2400, 22, 10, 100, '2021-04-29 15:07:25'),
(96, 0, '29-04-2021_20:00', 240, 10, 2400, 22, 10, 100, '2021-05-04 07:55:21'),
(97, 0, '29-04-2021_20:00', 240, 10, 2400, 22, 10, 100, '2021-05-04 08:02:49'),
(98, 0, '29-04-2021_20:00', 240, 10, 2400, 22, 10, 100, '2021-05-04 08:13:42'),
(99, 0, '29-04-2021_20:00', 240, 10, 2400, 22, 10, 100, '2021-05-04 08:18:11'),
(100, 0, '29-04-2021_20:00', 240, 10, 2400, 22, 10, 100, '2021-05-04 08:24:20'),
(101, 0, '29-04-2021_20:00', 240, 10, 2400, 22, 10, 100, '2021-05-04 08:24:56'),
(102, 0, '29-04-2021_20:00', 240, 10, 2400, 22, 10, 100, '2021-05-04 08:25:55'),
(103, 0, '29-04-2021_20:00', 240, 10, 2400, 22, 10, 100, '2021-05-04 08:32:45'),
(104, 0, '29-04-2021_20:00', 240, 10, 2400, 22, 10, 100, '2021-05-04 08:34:26'),
(105, 0, '29-04-2021_20:00', 240, 10, 2400, 22, 10, 100, '2021-05-04 08:35:50'),
(106, 0, '29-04-2021_20:00', 240, 10, 2400, 22, 10, 100, '2021-05-04 08:37:45'),
(107, 0, '29-04-2021_20:00', 240, 10, 2400, 22, 10, 100, '2021-05-04 08:42:59'),
(108, 0, '29-04-2021_20:00', 240, 10, 2400, 22, 10, 100, '2021-05-04 08:44:41'),
(109, 0, '29-04-2021_20:00', 240, 10, 2400, 22, 10, 100, '2021-05-04 08:54:02'),
(110, 0, '29-04-2021_20:00', 240, 10, 2400, 22, 10, 100, '2021-05-04 08:56:59'),
(111, 0, '29-04-2021_20:00', 240, 10, 2400, 22, 10, 100, '2021-05-04 09:04:59'),
(112, 0, '29-04-2021_20:00', 240, 10, 2400, 22, 10, 100, '2021-05-04 09:05:54'),
(113, 0, '29-04-2021_20:00', 240, 10, 2400, 22, 10, 100, '2021-05-04 11:55:09'),
(114, 0, '29-04-2021_20:00', 240, 10, 2400, 22, 10, 100, '2021-05-04 12:09:07'),
(115, 0, '18:02', 240, 5, 1200, 30, 3, 100, '2021-05-04 12:11:41'),
(116, 0, '15-05-2021_20:00', 200, 10, 2400, 22, 10, 101, '2021-05-15 09:50:58'),
(117, 0, '17-0-2021_20:00', 230, 10, 2000, 22, 10, 200, '2021-05-15 10:07:47'),
(118, 0, '29-04-2021_20:00', 240, 10, 2400, 22, 10, 100, '2021-05-15 12:02:48');

--
-- Indexes for dumped tables
--

--
-- Indexes for table `actions`
--
ALTER TABLE `actions`
  ADD PRIMARY KEY (`id`);

--
-- Indexes for table `admin`
--
ALTER TABLE `admin`
  ADD PRIMARY KEY (`ad-id`);

--
-- Indexes for table `configuration`
--
ALTER TABLE `configuration`
  ADD PRIMARY KEY (`user_id`);

--
-- Indexes for table `fault_logs`
--
ALTER TABLE `fault_logs`
  ADD PRIMARY KEY (`sl_no`);

--
-- Indexes for table `indicator`
--
ALTER TABLE `indicator`
  ADD PRIMARY KEY (`Sl_no`);

--
-- Indexes for table `usersp`
--
ALTER TABLE `usersp`
  ADD PRIMARY KEY (`id`);

--
-- Indexes for table `voltmeter`
--
ALTER TABLE `voltmeter`
  ADD PRIMARY KEY (`Sl_no`);

--
-- Indexes for table `voltmeterp`
--
ALTER TABLE `voltmeterp`
  ADD PRIMARY KEY (`Sl_no`),
  ADD KEY `user_id` (`user_id`);

--
-- AUTO_INCREMENT for dumped tables
--

--
-- AUTO_INCREMENT for table `actions`
--
ALTER TABLE `actions`
  MODIFY `id` int(100) NOT NULL AUTO_INCREMENT, AUTO_INCREMENT=3;

--
-- AUTO_INCREMENT for table `admin`
--
ALTER TABLE `admin`
  MODIFY `ad-id` int(11) NOT NULL AUTO_INCREMENT, AUTO_INCREMENT=3;

--
-- AUTO_INCREMENT for table `configuration`
--
ALTER TABLE `configuration`
  MODIFY `user_id` int(11) NOT NULL AUTO_INCREMENT, AUTO_INCREMENT=20;

--
-- AUTO_INCREMENT for table `fault_logs`
--
ALTER TABLE `fault_logs`
  MODIFY `sl_no` int(11) NOT NULL AUTO_INCREMENT, AUTO_INCREMENT=4;

--
-- AUTO_INCREMENT for table `indicator`
--
ALTER TABLE `indicator`
  MODIFY `Sl_no` int(10) NOT NULL AUTO_INCREMENT, AUTO_INCREMENT=124;

--
-- AUTO_INCREMENT for table `usersp`
--
ALTER TABLE `usersp`
  MODIFY `id` int(10) NOT NULL AUTO_INCREMENT, AUTO_INCREMENT=20;

--
-- AUTO_INCREMENT for table `voltmeter`
--
ALTER TABLE `voltmeter`
  MODIFY `Sl_no` int(11) NOT NULL AUTO_INCREMENT, AUTO_INCREMENT=119;

--
-- AUTO_INCREMENT for table `voltmeterp`
--
ALTER TABLE `voltmeterp`
  MODIFY `Sl_no` int(11) NOT NULL AUTO_INCREMENT, AUTO_INCREMENT=119;
COMMIT;

/*!40101 SET CHARACTER_SET_CLIENT=@OLD_CHARACTER_SET_CLIENT */;
/*!40101 SET CHARACTER_SET_RESULTS=@OLD_CHARACTER_SET_RESULTS */;
/*!40101 SET COLLATION_CONNECTION=@OLD_COLLATION_CONNECTION */;
